window_size,threshold,downsample,max_steps,mean_change_rate,variance_change_rate,graph_entropy,graph_change_entropy,mean_ve_distance_change,mean_sparsity,mean_spectral_diff,electricity_delta_mean_change_rate,electricity_delta_variance_change_rate,electricity_delta_graph_entropy,electricity_delta_graph_change_entropy,electricity_delta_mean_ve_distance_change,electricity_delta_mean_sparsity,electricity_delta_mean_spectral_diff,ETTm1_delta_mean_change_rate,ETTm1_delta_variance_change_rate,ETTm1_delta_graph_entropy,ETTm1_delta_graph_change_entropy,ETTm1_delta_mean_ve_distance_change,ETTm1_delta_mean_sparsity,ETTm1_delta_mean_spectral_diff,solar_delta_mean_change_rate,solar_delta_variance_change_rate,solar_delta_graph_entropy,solar_delta_graph_change_entropy,solar_delta_mean_ve_distance_change,solar_delta_mean_sparsity,solar_delta_mean_spectral_diff
3,0.05,5,1000,0.15821683801404213,0.006788511862998961,10.584716327928296,35.07132173984485,1.0968754383060597,0.058339079739217654,2.728885343954839,0.015562311935807427,-0.0011699164707972502,10.584718887928268,-18.320513638648208,0.34435562682154586,0.058339079739217654,1.2961225048764176,0.10131142790616748,-0.0050555772703341165,9.692938345102839,29.356969191471357,0.8628611444672519,0.03942519522854277,2.304169656588835,-0.023601343804139696,-0.14197181871551345,10.452587183790646,34.76136755125604,0.9150572564878778,-0.0871154657153278,2.728885343954839
3,0.05,5,2000,0.15857379819729595,0.007629281965412206,9.901992536875918,36.87745192115198,1.1042825137109513,0.051141164872308464,2.7158685200120454,0.034422727841762646,-0.0002438992703756573,9.90199509687589,-14.93603616514202,0.46641924940065105,0.051141164872308464,1.5498611889437042,0.1168581635207914,-0.0005037259978602588,9.44792281726769,31.702350731578537,0.943723247677127,0.04169842934043923,2.4321199215851013,-0.023244383620885878,-0.14113104861310022,9.769863392738268,36.567497732563176,0.9224643318927694,-0.09431338058223698,2.7158685200120454
3,0.05,10,1000,0.22164148696088265,0.007729758445739049,8.008013560918126,41.06703493583399,1.6730018807138667,0.03775388665997994,3.9884254433824187,0.10696934553660983,0.000665618703095559,8.008016120918098,-8.537054727624444,1.0597151087418943,0.03775388665997994,2.8263493402072593,0.15405096027879556,-0.004059039001952493,7.619822975542947,33.86950824225967,1.4565793376430634,0.02968887529936749,3.607618093342807,0.22164148696088265,0.007729758445739049,8.008013570918125,41.06703493583399,1.6730018807138665,0.03775388665997994,3.9884254433824187
3,0.05,10,2000,0.2202463852028042,0.0068855721014526765,5.760938210022072,41.107524429600765,1.617708176727715,0.025284019779669504,3.8090685586777897,0.11249882636454682,0.0006558496487239149,5.760940770022044,-5.732601835243592,1.0422889059814033,0.025284019779669504,2.7137721475107432,0.06442081010546433,-0.023285175464058918,1.002264776051474,29.302944235039234,1.0453893532987897,-0.08308261180035358,2.945526960331199,0.2202463852028042,0.0068855721014526765,5.760938220022072,41.107524429600765,1.6177081767277148,0.025284019779669504,3.8090685586777897
3,0.1,5,1000,0.09615565446339017,0.005889982410745825,10.58675665904126,31.054913900541074,1.0968754383060597,0.05836258776328987,2.728885343954839,0.04088045386158475,0.0025686562451015115,10.586759219041232,1.2226308084279012,0.34435562682154586,0.05836258776328987,1.2961225048764176,0.06500096590792787,-0.0008677107591055578,9.682045521927748,27.16981796984499,0.8628611444672519,0.03916212924487749,2.304169656588835,-0.08566252735479166,-0.14287034816776661,10.45462751490361,30.74495971195227,0.9150572564878778,-0.08709195769125558,2.728885343954839
3,0.1,5,2000,0.09636329494241362,0.0059566752725904,9.91053247490363,31.719795548626053,1.1042825137109513,0.051195934526790186,2.7158685200120454,0.053537337255883825,0.003277834536073287,9.910535034903601,5.168283895234062,0.46641924940065105,0.051195934526790186,1.5498611889437042,0.07860195906104055,0.0021268136301328543,9.449723584402703,29.00294024949847,0.943723247677127,0.041610127244438085,2.4321199215851013,-0.0854548868757682,-0.14280365530592204,9.778403330765979,31.409841360037248,0.9224643318927694,-0.09425861092775525,2.7158685200120454
3,0.1,10,1000,0.1463531218655968,0.006325496943300595,8.05247128502639,34.376687984256435,1.6730018807138667,0.03802814694082247,3.9884254433824187,0.10723576980942828,0.0037323322653949487,8.052473845026363,8.882862183995499,1.0597151087418943,0.03802814694082247,2.8263493402072593,0.11884201712279696,0.0010267064919556503,7.646845958794345,30.666457730470512,1.4565793376430634,0.02959468328454752,3.607618093342807,0.1463531218655968,0.006325496943300595,8.05247129502639,34.376687984256435,1.6730018807138665,0.03802814694082247,3.9884254433824187
3,0.1,10,2000,0.14266908174762144,0.005796247527196529,5.792522757600568,32.754595179144985,1.617708176727715,0.025444416624937405,3.8090685586777897,0.10709227904356536,0.0035572486726282936,5.79252531760054,9.218947013690322,1.0422889059814033,0.025444416624937405,2.7137721475107432,0.04946805571878227,-0.014301021551813982,0.9816567575456139,23.787383855546125,1.0453893532987897,-0.08418942188793394,2.945526960331199,0.14266908174762144,0.005796247527196529,5.792522767600568,32.754595179144985,1.6177081767277148,0.025444416624937405,3.8090685586777897
3,0.2,5,1000,0.027441700100300902,0.0022464606514758824,10.60977764307584,16.31467459570235,1.0968754383060597,0.05864468405215647,2.728885343954839,0.012380892678034102,0.0012160990343244027,10.607777199407323,5.5229847950631275,0.34435562682154586,0.0586368480441324,1.2961225048764176,0.009592233332651013,-0.001662529118313224,9.675561859553772,13.706159550702882,0.8628611444672519,0.038789199230344094,2.304169656588835,-0.15437648171788093,-0.14651386992703655,10.47764849893819,16.004720407113545,0.9150572564878778,-0.08680986140238897,2.728885343954839
3,0.2,5,2000,0.028546726339509262,0.0023086051456113893,9.941192489686525,16.958555932303053,1.1042825137109513,0.051469782799198796,2.7158685200120454,0.01903636705057586,0.0016631154107411038,9.940194299228049,8.572569928128384,0.46641924940065105,0.05146587068102153,1.5498611889437042,0.019144868450635136,0.00018960735563830922,9.464993398529627,15.295762603664762,0.943723247677127,0.041556954372885854,2.4321199215851013,-0.15327145547867255,-0.14645172543290103,9.809063345548875,16.64860174371425,0.9224643318927694,-0.09398476265534665,2.7158685200120454
3,0.2,10,1000,0.061802595285857576,0.003436398989785304,8.181393759193366,23.516322980126613,1.6730018807138667,0.038858763791374124,3.9884254433824187,0.05247774573721164,0.002788236306131911,8.181396319193338,15.280883745520942,1.0597151087418943,0.038858763791374124,2.8263493402072593,0.04993024353673265,0.0010140600181474126,7.744871949260608,21.608760488843835,1.4565793376430634,0.02977027383169918,3.607618093342807,0.061802595285857576,0.003436398989785304,8.181393769193365,23.516322980126613,1.6730018807138665,0.038858763791374124,3.9884254433824187
3,0.2,10,2000,0.05522541624937406,0.0033791465602337535,5.923048716017465,21.756957027164262,1.617708176727715,0.02612512518778167,3.8090685586777897,0.04766329181271908,0.002913606058215312,5.923051276017437,14.435488593338295,1.0422889059814033,0.02612512518778167,2.7137721475107432,-0.0011652922623731354,-0.00923806485688709,0.9987516359479907,15.144963358215728,1.0453893532987897,-0.08626795422725927,2.945526960331199,0.05522541624937406,0.0033791465602337535,5.923048726017465,21.756957027164262,1.6177081767277148,0.02612512518778167,3.8090685586777897
6,0.05,5,1000,0.15765687877263582,0.006416045442181984,8.195223354843947,34.11598035113667,0.9046434931853392,0.03908607897384306,2.2085629272455107,0.10990159708249497,0.0029162023724298453,8.195225914843919,5.708195748820614,0.5390746418601446,0.03908607897384306,1.4394099501757074,0.1126521565618199,-0.0023353939718032523,7.465792610352441,29.320471279609137,0.7534267104544357,0.0236875654436825,1.9209777034416464,0.15765687877263582,0.006416045442181984,8.195223364843946,34.11598035113667,0.904643493185339,0.03908607897384306,2.2085629272455107
6,0.05,5,2000,0.16332199724172516,0.006218548399020052,6.980275435710901,35.08421708373933,0.9239483481720479,0.03177305353560682,2.202678184521409,0.12707654212637912,0.0031556566682498757,6.980277995710873,9.813093691537397,0.6143439868842362,0.03177305353560682,1.5739434220893007,0.13331360471721285,0.0005621050450538706,6.61032399097603,31.02193061876291,0.8124131609297317,0.024096964042638117,1.9992044006923382,0.16332199724172516,0.006218548399020052,6.980275445710901,35.08421708373933,0.9239483481720476,0.03177305353560682,2.202678184521409
6,0.05,10,1000,0.17148201710261568,0.005988198779435448,0.9600617090926113,41.35432992659399,0.9034765970108924,0.0038158639336016097,2.0267868891819405,0.12059859154929575,0.0019235072869822388,0.960064269092583,10.27195143066568,0.5456650087590714,0.0038158639336016097,1.298565047872033,0.13206182246540465,-0.0010726369088010874,0.5902744845862171,36.344463870484205,0.7687533082258303,-0.0038628614801051206,1.7947683294322943,0.17148201710261568,0.005988198779435448,0.9600617190926113,41.35432992659399,0.9034765970108923,0.0038158639336016097,2.0267868891819405
6,0.05,10,2000,0.16702842903711135,0.00550798248444124,0.4857468799628619,40.29972251979335,0.8253590897052455,0.001913944959879639,1.846742460489041,0.1178261346539619,0.0016904675876555342,0.48574943996283354,10.723665926488252,0.46622709991183253,0.001913944959879639,1.0878032096007624,0.04971731201256832,-0.018709530290570528,-4.068919713315742,30.04326957816976,0.5159203535400216,-0.10224547206671034,1.3553854634871914,0.16702842903711135,0.00550798248444124,0.4857468899628618,40.29972251979335,0.8253590897052454,0.001913944959879639,1.846742460489041
6,0.1,5,1000,0.07568850603621731,0.0036947957225480017,8.241677504065152,26.14063750248361,0.9046434931853392,0.03937688631790744,2.2085629272455107,0.060252137826961774,0.002623952909128248,8.241680064065124,13.69683145417738,0.5390746418601446,0.03937688631790744,1.4394099501757074,0.051913201145649415,-0.0009272479304149217,7.476602947821192,23.080747565250814,0.7534267104544357,0.023198181435552086,1.9209777034416464,0.07568850603621731,0.0036947957225480017,8.24167751406515,26.14063750248361,0.904643493185339,0.03937688631790744,2.2085629272455107
6,0.1,5,2000,0.07500626880641925,0.003848160653718616,7.04444969804414,26.905569541548346,0.9239483481720479,0.03212959190070211,2.202678184521409,0.06347558299899698,0.0029372447843575788,7.044452258044112,16.17662288869267,0.6143439868842362,0.03212959190070211,1.5739434220893007,0.06211043845823183,0.0012907567814807218,6.656073579291808,24.829936101731022,0.8124131609297317,0.02406458054008966,1.9992044006923382,0.07500626880641925,0.003848160653718616,7.04444970804414,26.905569541548346,0.9239483481720476,0.03212959190070211,2.202678184521409
6,0.1,10,1000,0.07663166498993963,0.003254523607253588,1.122148912906972,27.254745239367743,0.9034765970108924,0.00448393485915493,2.0267868891819405,0.06149396378269617,0.0022280932479505113,1.1221514729069435,14.205265213196355,0.5456650087590714,0.00448393485915493,1.298565047872033,0.06086358713505523,9.076148677352727e-05,0.7426057586991437,24.846914061811614,0.7687533082258303,-0.0034001040682872744,1.7947683294322943,0.07663166498993963,0.003254523607253588,1.1221489229069719,27.254745239367743,0.9034765970108923,0.00448393485915493,2.0267868891819405
6,0.1,10,2000,0.07284353059177533,0.0028202042082799694,0.5977912330713384,25.668468225921167,0.8253590897052455,0.0023645154212637914,1.846742460489041,0.05711666248746239,0.0017173576748151693,0.5977937930713101,12.579911417855389,0.46622709991183253,0.0023645154212637914,1.0878032096007624,0.008569074570650731,-0.010523338371391478,-4.020924752952677,18.45057525112629,0.5159203535400216,-0.10328918035995743,1.3553854634871914,0.07284353059177533,0.0028202042082799694,0.5977912430713384,25.668468225921167,0.8253590897052454,0.0023645154212637914,1.846742460489041
6,0.2,5,1000,0.021456866197183098,0.0020482460605955274,8.370882413275625,13.812473255762637,0.9046434931853392,0.040272887323943664,2.2085629272455107,0.018407318913480884,0.0018159841244951474,8.370884973275597,10.552748948240572,0.5390746418601446,0.040272887323943664,1.4394099501757074,0.01028781104997331,-0.0002740080245131988,7.549840848285898,12.092304350371464,0.7534267104544357,0.022862301359175462,1.9209777034416464,0.021456866197183098,0.0020482460605955274,8.370882423275624,13.812473255762637,0.904643493185339,0.040272887323943664,2.2085629272455107
6,0.2,5,2000,0.02243057296890672,0.002051346793321406,7.234987740351496,14.330603887569323,0.9239483481720479,0.033277567076228684,2.202678184521409,0.020013164493480444,0.0018588723133554847,7.234990300351468,11.385174297187037,0.6143439868842362,0.033277567076228684,1.5739434220893007,0.016842379818025506,0.0008619198117433265,6.817595125512511,13.280436610720491,0.8124131609297317,0.024598468556178737,1.9992044006923382,0.02243057296890672,0.002051346793321406,7.234987750351496,14.330603887569323,0.9239483481720476,0.033277567076228684,2.202678184521409
6,0.2,10,1000,0.01694542253521127,0.0011731832421410062,1.624204511649809,11.62733479680661,0.9034765970108924,0.006716077716297787,2.0267868891819405,0.014650402414486924,0.0010088536778431214,1.6242070716497805,8.78682936266907,0.5456650087590714,0.006716077716297787,1.298565047872033,0.009882637662710962,-0.00031217610184005435,1.200055813423875,10.393533262583972,0.7687533082258303,-0.002112403374327598,1.7947683294322943,0.01694542253521127,0.0011731832421410062,1.6242045216498089,11.62733479680661,0.9034765970108923,0.006716077716297787,2.0267868891819405
6,0.2,10,2000,0.012498432798395185,0.0007391908366627983,0.9888128176469498,9.254480768101136,0.8253590897052455,0.004021831118355065,1.846742460489041,0.009591273821464394,0.0005264588397379717,0.9888153776469215,5.879121424315461,0.46622709991183253,0.004021831118355065,1.0878032096007624,-0.018001229453667125,-0.005253054812812463,-3.7957578466244377,4.78210197060925,0.5159203535400216,-0.10564390077119111,1.3553854634871914,0.012498432798395185,0.0007391908366627983,0.9888128276469498,9.254480768101136,0.8253590897052454,0.004021831118355065,1.846742460489041
12,0.05,5,1000,0.08374715334008097,0.00370985264759301,0.7259131537728187,26.433763527206978,0.4964718013481862,0.002874335779352227,1.1676615970028645,0.06226277834008097,0.0020953090571245764,0.7259157137727904,9.71921545164021,0.29011319419806414,0.002874335779352227,0.7206906486857075,0.055944129296455425,-0.0018184947482401698,0.13317377297555444,23.08001549541831,0.40872801755251675,-0.009560597708212838,1.0043503498544004,0.08374715334008097,0.00370985264759301,0.7259131637728187,26.433763527206978,0.4964718013481861,0.002874335779352227,1.1676615970028645
12,0.05,5,2000,0.0863933601609658,0.0033807806368340034,0.40373035695411247,27.142920222547982,0.4702824639621194,0.001589615819919517,1.096688259618029,0.06977411343058351,0.0019797719751875097,0.4037329169540841,12.760990210493208,0.28330859639012324,0.001589615819919517,0.6995926129891742,0.07091272122531106,0.0003119501973527588,0.10497589128239926,24.748542853232607,0.40313281066678264,-0.004590320943518252,0.9794193612476604,0.0863933601609658,0.0033807806368340034,0.40373036695411235,27.142920222547982,0.4702824639621193,0.001589615819919517,1.096688259618029
12,0.05,10,1000,0.07606117155870445,0.0038793186462299303,0.02217140794214325,31.923107320569553,0.39944224309524534,8.698127530364372e-05,0.9119809493465456,0.06432660678137651,0.0030007956604755233,0.022173967942114892,21.13858673746326,0.24189587306011517,8.698127530364372e-05,0.599719420251451,0.05908191021854085,0.0007496723822150676,-0.29301370429633905,29.446702730713774,0.33134027109653014,-0.006440326003883334,0.7914321217568907,0.07606117155870445,0.0038793186462299303,0.02217141794214314,31.923107320569553,0.3994422430952452,8.698127530364372e-05,0.9119809493465456
12,0.05,10,2000,0.0673729879275654,0.0034017139751391905,0.011040811148874808,30.04456954989246,0.3764329681813551,4.322811871227364e-05,0.8549187716659034,0.056538449446680086,0.0026396484573913,0.011043371148846449,20.20880018623567,0.21937242077407687,4.322811871227364e-05,0.5351482566939427,0.0007282213690305156,-0.0108046752556218,-4.3063800229930544,22.558094237208998,0.21799709556858757,-0.09876390036648462,0.5928401205045428,0.0673729879275654,0.0034017139751391905,0.011040821148874697,30.04456954989246,0.3764329681813549,4.322811871227364e-05,0.8549187716659034
12,0.1,5,1000,0.01632085020242915,0.0010908898693081526,0.861426913302261,11.19325689300518,0.4964718013481862,0.0034278529858299597,1.1676615970028645,0.012770432692307694,0.0008974707932236111,0.8614294733022326,7.012927618858829,0.29011319419806414,0.0034278529858299597,0.7206906486857075,0.001365880360241262,-0.0020072867886458297,0.22855688770623872,9.123981749018508,0.40872801755251675,-0.009874634000867553,1.0043503498544004,0.01632085020242915,0.0010908898693081526,0.8614269233022609,11.19325689300518,0.4964718013481861,0.0034278529858299597,1.1676615970028645
12,0.1,5,2000,0.014336016096579477,0.0008373723573066448,0.5790373906019654,10.656531991190676,0.4702824639621194,0.0023009148641851104,1.096688259618029,0.010618397887323943,0.0005591576268377208,0.579039950601937,6.23558487044372,0.28330859639012324,0.0023009148641851104,0.6995926129891742,0.006842072845234674,-0.0007615467822494326,0.25973639286177547,9.360974460423487,0.40313281066678264,-0.004310180278097155,0.9794193612476604,0.014336016096579477,0.0008373723573066448,0.5790374006019653,10.656531991190676,0.4702824639621193,0.0023009148641851104,1.096688259618029
12,0.1,10,1000,0.01092010374493927,0.0004613884127359476,0.11234431452795833,8.988448440095283,0.39944224309524534,0.00044281376518218624,0.9119809493465456,0.007970647773279351,0.00023564598467285577,0.11234687452792998,5.529669873487087,0.24189587306011517,0.00044281376518218624,0.599719420251451,0.00393836368049244,-0.0009282014600113351,-0.2087490311290069,7.7579188823791725,0.33134027109653014,-0.00620842972816657,0.7914321217568907,0.01092010374493927,0.0004613884127359476,0.11234432452795821,8.988448440095283,0.3994422430952452,0.00044281376518218624,0.9119809493465456
12,0.1,10,2000,0.0091997296277666,0.0003787470740120346,0.06306663105024382,8.048924652904104,0.3764329681813551,0.00024757922535211267,0.8549187716659034,0.0059929891851106636,0.00010988959398031004,0.06306919105021547,4.477513324727411,0.21937242077407687,0.00024757922535211267,0.5351482566939427,-0.021433046621566133,-0.005730167552423706,-4.333606827343523,3.4604607347707805,0.21799709556858757,-0.10038683953209052,0.5928401205045428,0.0091997296277666,0.0003787470740120346,0.0630666410502437,8.048924652904104,0.3764329681813549,0.00024757922535211267,0.8549187716659034
12,0.2,5,1000,0.006634299089068826,0.0005640210203241337,1.3838281294864956,5.32548652926839,0.4964718013481862,0.005673551366396761,1.1676615970028645,0.006294281376518218,0.000536893207362656,1.3838306894864671,4.778398223767803,0.29011319419806414,0.005673551366396761,0.7206906486857075,0.002007347093695778,-0.00021383241072719342,0.6241248825750458,4.431830732159492,0.40872801755251675,-0.010396844403247127,1.0043503498544004,0.006634299089068826,0.0005640210203241337,1.3838281394864955,5.32548652926839,0.4964718013481861,0.005673551366396761,1.1676615970028645
12,0.2,5,2000,0.004613619215291751,0.00033680483208331025,1.1593536018709942,4.434563062547669,0.4702824639621194,0.004827794894366197,1.096688259618029,0.0037726358148893364,0.00026032778797367636,1.1593561618709658,3.270922879190556,0.28330859639012324,0.004827794894366197,0.6995926129891742,0.0023141078614544413,-5.5126213452772236e-05,0.7747875898153951,3.911649085694213,0.40313281066678264,-0.0031589007899437433,0.9794193612476604,0.004613619215291751,0.00033680483208331025,1.1593536118709942,4.434563062547669,0.4702824639621193,0.004827794894366197,1.096688259618029
12,0.2,10,1000,0.001201923076923077,3.809232423699782e-05,0.7315194504417206,1.5572241551636188,0.39944224309524534,0.0031155111336032388,0.9119809493465456,0.0004428137651821863,-3.027397372979806e-05,0.7315220104416923,0.42047849049770347,0.24189587306011517,0.0031155111336032388,0.599719420251451,-0.0003266235644055191,-0.0002681471010861817,0.3888171942504746,1.1780990450324114,0.33134027109653014,-0.003990165145005371,0.7914321217568907,0.001201923076923077,3.809232423699782e-05,0.7315194604417206,1.5572241551636188,0.3994422430952452,0.0031155111336032388,0.9119809493465456
12,0.2,10,2000,0.0007663166498993964,2.1794362869677508e-05,0.47014028407044817,1.069200202812072,0.3764329681813551,0.0019216863682092555,0.8549187716659034,-0.0004401408450704226,-9.185110387235383e-05,0.4701428440704198,-0.4768216307118607,0.21937242077407687,0.0019216863682092555,0.5351482566939427,-0.006830283358313144,-0.0016899645881086232,-4.090729751835234,-0.5991133994115767,0.21799709556858757,-0.1025520950960867,0.5928401205045428,0.0007663166498993964,2.1794362869677508e-05,0.47014029407044805,1.069200202812072,0.3764329681813549,0.0019216863682092555,0.8549187716659034
24,0.05,5,1000,0.01060610911885246,0.0004455193624929599,0.03665565873458171,8.502663183054139,0.20122083047815684,0.00014408299180327869,0.48451977196108137,0.006675845286885247,0.0001806173552687659,0.03665821873455335,4.161374195333734,0.10849212675601758,0.00014408299180327869,0.2865535901325736,-0.0029853930557878876,-0.0021913219535133945,-0.5845768693332376,6.563184529171369,0.15670542209932228,-0.012903759095851456,0.39962020714868135,0.01060610911885246,0.0004455193624929599,0.0366556687345816,8.502663183054139,0.20122083047815667,0.00014408299180327869,0.48451977196108137
24,0.05,5,2000,0.010682882085020244,0.000491841463208009,0.021182008173424346,8.921931567496078,0.20174461851745787,8.302758097165992e-05,0.4647579183231718,0.007338056680161944,0.00023331323498697418,0.02118456817339599,5.023955349943278,0.12098018116119845,8.302758097165992e-05,0.2978117380074713,0.0039283584132033394,-0.0008595574424463814,-0.29022374567558284,7.726890469841715,0.16790718982641445,-0.0063616555554408,0.4047383411155065,0.010682882085020244,0.000491841463208009,0.021182018173424237,8.921931567496078,0.2017446185174577,8.302758097165992e-05,0.4647579183231718
24,0.05,10,1000,0.014736488217213115,0.0006027456830503222,-2.5599999716416737e-06,11.477735030984636,0.2323878154893456,0.0,0.533312046645965,0.011118404200819672,0.00031191115416496275,0.0,7.232460187427915,0.14373600028763145,0.0,0.3469899527149959,0.006874326959267315,-0.0010526214202159082,-0.2510581418490158,10.1440490362295,0.1951267371114993,-0.005185680829708933,0.46644807152191425,0.014736488217213115,0.0006027456830503222,-2.5499999717524483e-06,11.477735030984636,0.23238781548934542,0.0,0.533312046645965
24,0.05,10,2000,0.01271508097165992,0.0004930337866710752,-2.5599999716416737e-06,10.113484961287467,0.2206204925777671,0.0,0.5016318654986772,0.009334672317813765,0.00021933163388070988,0.0,6.208082559371633,0.13232194744795622,0.0,0.31228061929334694,-0.025498585061554984,-0.007017724708898866,-3.8893861276801354,4.758481916671075,0.12607223506192589,-0.08887259357184168,0.33901842151192707,0.01271508097165992,0.0004930337866710752,-2.5499999717524483e-06,10.113484961287467,0.22062049257776695,0.0,0.5016318654986772
24,0.1,5,1000,0.001624935963114754,8.834949330404477e-05,0.07720701828062612,2.076527086495919,0.20122083047815684,0.0003041752049180328,0.48451977196108137,0.0007924564549180328,1.6750875450981077e-05,0.07720957828059777,0.901303265596936,0.10849212675601758,0.0003041752049180328,0.2865535901325736,-0.0018043045855637336,-0.0005655970449172308,-0.5710859093018534,1.3604633896446,0.15670542209932228,-0.013329146976413516,0.39962020714868135,0.001624935963114754,8.834949330404477e-05,0.077207028280626,2.076527086495919,0.20122083047815667,0.0003041752049180328,0.48451977196108137
24,0.1,5,2000,0.0015182186234817814,7.52862634764953e-05,0.11914806175907657,2.017722845449291,0.20174461851745787,0.00047048962550607287,0.4647579183231718,0.0005100265688259109,-1.5219131442464895e-05,0.11915062175904821,0.6092193014733258,0.12098018116119845,0.00047048962550607287,0.2978117380074713,-0.00017557630339585205,-0.0002506551593718648,-0.20603566524173056,1.6054969932237075,0.16790718982641445,-0.0062633780106172016,0.4047383411155065,0.0015182186234817814,7.52862634764953e-05,0.11914807175907645,2.017722845449291,0.2017446185174577,0.00047048962550607287,0.4647579183231718
24,0.1,10,1000,0.001929111168032787,7.626210063800025e-05,0.02041999029498055,2.3443750097128606,0.2323878154893456,8.004610655737704e-05,0.533312046645965,0.0009285348360655739,-1.6728385550076897e-05,0.020422550294952192,0.9046891114009417,0.14373600028763145,8.004610655737704e-05,0.3469899527149959,-0.0005800892334392775,-0.00041586801490442406,-0.2466221063804775,1.7828732112365466,0.1951267371114993,-0.0054401947766811645,0.46644807152191425,0.001929111168032787,7.626210063800025e-05,0.02042000029498044,2.3443750097128606,0.23238781548934542,8.004610655737704e-05,0.533312046645965
24,0.1,10,2000,0.0013956540991902835,4.670112286099534e-05,0.010101998211406395,1.757465097146508,0.2206204925777671,3.953694331983806e-05,0.5016318654986772,2.7675860323886792e-05,-9.05481319836728e-05,0.010104558211378036,-0.0034074495519824666,0.13232194744795622,3.953694331983806e-05,0.31228061929334694,-0.009180236175948112,-0.002169679730923498,-3.9675632691641667,-0.39450682750887234,0.12607223506192589,-0.09085734812649757,0.33901842151192707,0.0013956540991902835,4.670112286099534e-05,0.010102008211406284,1.757465097146508,0.22062049257776695,3.953694331983806e-05,0.5016318654986772
24,0.2,5,1000,0.00011206454918032787,6.491187694603896e-06,0.5789424898385569,0.19747610567715185,0.20122083047815684,0.0023693647540983607,0.48451977196108137,-0.0001761014344262295,-2.156698200786602e-05,0.5789450498385286,-0.27231765209610626,0.10849212675601758,0.0023693647540983607,0.2865535901325736,0.00011206454918032787,6.491187694603896e-06,-0.10596303026436626,0.19747610567715185,0.15670542209932228,-0.012058537554366007,0.39962020714868135,0.00011206454918032787,6.491187694603896e-06,0.5789424998385568,0.19747610567715185,0.20122083047815667,0.0023693647540983607,0.48451977196108137
24,0.2,5,2000,8.302758097165992e-05,3.4834771982524483e-06,0.7118532472175709,0.15322585343532513,0.20174461851745787,0.0030245761639676114,0.4647579183231718,-0.00024117535425101217,-2.3901946160615453e-05,0.7118558072175426,-0.3930523426885778,0.12098018116119845,0.0030245761639676114,0.2978117380074713,8.302758097165992e-05,3.4834771982524483e-06,0.36799743537476415,0.15322585343532513,0.16790718982641445,-0.004101756150334627,0.4047383411155065,8.302758097165992e-05,3.4834771982524483e-06,0.7118532572175709,0.15322585343532513,0.2017446185174577,0.0030245761639676114,0.4647579183231718
24,0.2,10,1000,0.00019211065573770491,8.593064359169243e-06,0.4332825639354997,0.29824217745796316,0.2323878154893456,0.0018250512295081968,0.533312046645965,-0.00011206454918032788,-2.220720733503154e-05,0.4332851239354713,-0.23492364796071735,0.14373600028763145,0.0018250512295081968,0.3469899527149959,0.00010847064235530278,1.7723038165260458e-06,0.13036557369953894,0.27003130521837004,0.1951267371114993,-0.004447949774171965,0.46644807152191425,0.00019211065573770491,8.593064359169243e-06,0.43328257393549957,0.29824217745796316,0.23238781548934542,0.0018250512295081968,0.533312046645965
24,0.2,10,2000,9.488866396761134e-05,4.253572843120482e-06,0.23131224615299845,0.1644441979821896,0.2206204925777671,0.0009370255566801619,0.5016318654986772,-0.00041118421052631577,-4.256399054276315e-05,0.2313148061529701,-0.6095661167587199,0.13232194744795622,0.0009370255566801619,0.31228061929334694,-0.001371689870280096,-0.0005588964697670573,-3.9437619290871417,-0.29414749438473986,0.12607223506192589,-0.09452484340142937,0.33901842151192707,9.488866396761134e-05,4.253572843120482e-06,0.23131225615299833,0.1644441979821896,0.22062049257776695,0.0009370255566801619,0.5016318654986772
48,0.05,5,1000,0.002543986344537815,0.00012726693173248157,-2.5599999716416737e-06,2.8947833526957547,0.11890932165550608,0.0,0.2789734952587926,0.0017315519957983192,5.580035233159207e-05,0.0,1.7282529953213894,0.06723035627785418,0.0,0.16531610976131722,-0.0017005686203052646,-0.0007139526440268713,-0.5206156573228636,2.053148774864427,0.09377993220817567,-0.010890070313839822,0.23101200315159948,0.002543986344537815,0.00012726693173248157,-2.5499999717524483e-06,2.8947833526957547,0.11890932165550601,0.0,0.2789734952587926
48,0.05,5,2000,0.0019931480532786885,8.632937479775236e-05,-2.5599999716416737e-06,2.423394779440204,0.11632342752158484,0.0,0.2670581587763359,0.0007484310963114754,-3.197158866273365e-05,0.0,0.693276801676076,0.0707301420693101,0.0,0.16932123919880437,-0.00011876228462696535,-0.00033167787446045663,-0.25717680570202694,1.9325298871167824,0.09779077485576472,-0.005311140849782536,0.23385924342467287,0.0019931480532786885,8.632937479775236e-05,-2.5499999717524483e-06,2.423394779440204,0.11632342752158477,0.0,0.2670581587763359
48,0.05,10,1000,0.002191110819327731,7.899414810300268e-05,-2.5599999716416737e-06,2.577284029901649,0.09495882137932105,0.0,0.18477232970114185,0.0006154805672268907,-6.662325269463262e-05,0.0,0.4194178182584083,0.04214841316167308,0.0,0.07013487889968668,0.00034751623863831286,-0.0002763510916417181,-0.15405226644684736,2.137256643153248,0.07614470520780303,-0.0031726976504887665,0.15119744860451093,,,-2.5599999716416737e-06,2.577284029901649,,,
48,0.05,10,2000,0.001356781506147541,4.6343147930872115e-05,-2.5599999716416737e-06,1.7542702242696007,0.08560407668678541,0.0,0.16463626995513322,-0.00033219134221311474,-0.00011733764603842133,0.0,-0.4699008109573395,0.03462874009145562,0.0,0.05232247562358461,-0.005188049541025427,-0.0010245997678579334,-3.4904975950825303,0.3663187000093848,0.04451181824293693,-0.07954165272666444,0.09099267971381646,,,-2.5599999716416737e-06,1.7542702242696007,,,
48,0.1,5,1000,0.0002626050420168067,1.429225182720147e-05,0.008374341756620409,0.39513717446469454,0.11890932165550608,3.282563025210084e-05,0.2789734952587926,-4.103203781512607e-05,-1.6838368971497138e-05,0.00837690175659205,-0.09028876764917504,0.06723035627785418,3.282563025210084e-05,0.16531610976131722,5.359286571771549e-06,-6.641226299821199e-06,-0.5402757008844274,0.3156087810552515,0.09377993220817567,-0.011457484779626137,0.23101200315159948,0.0002626050420168067,1.429225182720147e-05,0.008374351756620298,0.39513717446469454,0.11890932165550601,3.282563025210084e-05,0.2789734952587926
48,0.1,5,2000,0.00014408299180327869,7.10834645673941e-06,0.014308107168648776,0.23864013004124793,0.11632342752158484,5.6032274590163936e-05,0.2670581587763359,-0.0003842213114754099,-4.6268453908139616e-05,0.014310667168620417,-0.6004109469640765,0.0707301420693101,5.6032274590163936e-05,0.16932123919880437,1.862297172967547e-05,-3.117547618346432e-06,-0.256886943148299,0.1954395730161773,0.09779077485576472,-0.00554784862203078,0.23385924342467287,0.00014408299180327869,7.10834645673941e-06,0.014308117168648665,0.23864013004124793,0.11632342752158477,5.6032274590163936e-05,0.2670581587763359
48,0.1,10,1000,9.847689075630252e-05,1.1443283655373917e-06,-2.5599999716416737e-06,0.15308661734131151,0.09495882137932105,0.0,0.18477232970114185,-0.00041852678571428575,-4.609578511580413e-05,0.0,-0.676780950436118,0.04214841316167308,0.0,0.07013487889968668,9.847689075630252e-05,1.1443283655373917e-06,-0.19939551857877055,0.15308661734131151,0.07614470520780303,-0.004115932087120563,0.15119744860451093,,,-2.5599999716416737e-06,0.15308661734131151,,,
48,0.1,10,2000,4.802766393442623e-05,5.605175302285594e-07,-2.5599999716416737e-06,0.0834894432801967,0.08560407668678541,0.0,0.16463626995513322,-0.0006363665471311474,-6.810465797049101e-05,0.0,-0.929299514260824,0.03462874009145562,0.0,0.05232247562358461,-9.834235948477752e-05,-5.392344956187284e-06,-3.6035395461025126,0.03625098221099054,0.04451181824293693,-0.0821972231515557,0.09099267971381646,,,-2.5599999716416737e-06,0.0834894432801967,,,
48,0.2,5,1000,2.461922268907563e-05,5.764069256493954e-07,0.35085240087393055,0.04322619021955891,0.11890932165550608,0.0014361213235294119,0.2789734952587926,-0.00021336659663865546,-2.6358343199412114e-05,0.35085496087390217,-0.33385389833849494,0.06723035627785418,0.0014361213235294119,0.16531610976131722,2.461922268907563e-05,5.764069256493954e-07,-0.2434450925885253,0.04322619021955891,0.09377993220817567,-0.011040297815554793,0.23101200315159948,2.461922268907563e-05,5.764069256493954e-07,0.35085241087393043,0.04322619021955891,0.11890932165550601,0.0014361213235294119,0.2789734952587926
48,0.2,5,2000,1.2006915983606557e-05,2.812679273343413e-07,0.4823538394431758,0.023288699530215833,0.11632342752158484,0.0020691918545081966,0.2670581587763359,-0.00011206454918032787,-1.2992242753137272e-05,0.4823563994431474,-0.19747610567715185,0.0707301420693101,0.0020691918545081966,0.16932123919880437,1.2006915983606557e-05,2.812679273343413e-07,0.18822072965368486,0.023288699530215833,0.09779077485576472,-0.00401561911906156,0.23385924342467287,1.2006915983606557e-05,2.812679273343413e-07,0.48235384944317566,0.023288699530215833,0.11632342752158477,0.0020691918545081966,0.2670581587763359
48,0.2,10,1000,0.0,0.0,0.15779394405646296,-0.0,0.09495882137932105,0.0006400997899159664,0.18477232970114185,-0.00012309611344537815,-1.4410173141234901e-05,0.1577965040564346,-0.2161309510977945,0.04214841316167308,0.0006400997899159664,0.07013487889968668,0.0,0.0,-0.13996053034881534,0.0,0.07614470520780303,-0.005533798340764878,0.15119744860451093,,,0.15779394405646296,0.0,,,
48,0.2,10,2000,0.0,0.0,0.07848895871074557,-0.0,0.08560407668678541,0.0003121798155737705,0.16463626995513322,-6.403688524590164e-05,-7.0624696218464396e-06,0.07849151871071722,-0.12278603392747045,0.03462874009145562,0.0003121798155737705,0.05232247562358461,0.0,0.0,-3.8603254253832953,0.0,0.04451181824293693,-0.08970538458723651,0.09099267971381646,,,0.07848895871074557,0.0,,,
